Poduct Type,UPC,Price With Tax,Description,Price Without Tax,Image_Url,Title,Tax,Price,Availability,Number of Reviews,Rating
Books,6587f46697fc4443,£14.82,"Holmes and Watson are faced with their most terrifying case yet. The legend of the devil-beast that haunts the moors around the Baskerville family's home warns the descendants of that ancient clan never to venture out in those dark hours when the power of evil is exalted. Now, the most recent Baskerville, Sir Charles, is dead and the footprints of a giant hound have been f Holmes and Watson are faced with their most terrifying case yet. The legend of the devil-beast that haunts the moors around the Baskerville family's home warns the descendants of that ancient clan never to venture out in those dark hours when the power of evil is exalted. Now, the most recent Baskerville, Sir Charles, is dead and the footprints of a giant hound have been found near his body. Will the new heir meet the same fate? ...more",£14.82,http://books.toscrape.com//media/cache/9d/fe/9dfe2a73c6a1a1c09927c904de641ebf.jpg,The Hound of the Baskervilles (Sherlock Holmes #5),£0.00,£14.82,In stock (4 available),0, Two
Books,6053ddf69c967d5f,£50.26,"Often rated as important as the Bible as a Christian document, this famous story of man's progress through life in search of salvation remains one of the most entertaining allegories of faith ever written. Set against realistic backdrops of town and country, the powerful drama of the pilgrim's trials and temptations follows him in his harrowing journey to the Celestial Cit Often rated as important as the Bible as a Christian document, this famous story of man's progress through life in search of salvation remains one of the most entertaining allegories of faith ever written. Set against realistic backdrops of town and country, the powerful drama of the pilgrim's trials and temptations follows him in his harrowing journey to the Celestial City.Along a road filled with monsters and spiritual terrors, Christian confronts such emblematic characters as Worldly Wiseman, Giant Despair, Talkative, Ignorance, and the demons of the Valley of the Shadow of Death. But he is also joined by Hopeful and Faithful.An enormously influential 17th-century classic, universally known for its simplicity, vigor, and beauty of language, The Pilgrim's Progress remains one of the most widely read books in the English language. ...more",£50.26,http://books.toscrape.com//media/cache/91/2a/912acfe6ee354d9d9bf3c1fa517c4252.jpg,The Pilgrim's Progress,£0.00,£50.26,In stock (4 available),0, Two
Books,93379e3a2072a01b,£28.58,"As Gregor Samsa awoke one morning from uneasy dreams he found himself transformed in his bed into a gigantic insect. He was laying on his hard, as it were armor-plated, back and when he lifted his head a little he could see his domelike brown belly divided into stiff arched segments on top of which the bed quilt could hardly keep in position and was about to slide off comp As Gregor Samsa awoke one morning from uneasy dreams he found himself transformed in his bed into a gigantic insect. He was laying on his hard, as it were armor-plated, back and when he lifted his head a little he could see his domelike brown belly divided into stiff arched segments on top of which the bed quilt could hardly keep in position and was about to slide off completely. His numerous legs, which were pitifully thin compared to the rest of his bulk, waved helplessly before his eyes."" With this startling, bizarre, yet surprisingly funny first opening, Kafka begins his masterpiece, The Metamorphosis. It is the story of a young man who, transformed overnight into a giant beetle-like insect, becomes an object of disgrace to his family, an outsider in his own home, a quintessentially alienated man. A harrowing -- though absurdly comic -- meditation on human feelings of inadequacy, guilt, and isolation, The Metamorphosis has taken its place as one of the most widely read and influential works of twentieth-century fiction. As W.H. Auden wrote, ""Kafka is important to us because his predicament is the predicament of modern man."" ...more",£28.58,http://books.toscrape.com//media/cache/9b/33/9b33c3c40c8d27054a3edf96cbf6a2fb.jpg,The Metamorphosis,£0.00,£28.58,In stock (5 available),0, One
Books,39592d9d72e717c4,£47.11,"The compelling story of two outsiders striving to find their place in an unforgiving world. Drifters in search of work, George and his simple-minded friend Lennie have nothing in the world except each other and a dream--a dream that one day they will have some land of their own. Eventually they find work on a ranch in California’s Salinas Valley, but their hopes are doomed The compelling story of two outsiders striving to find their place in an unforgiving world. Drifters in search of work, George and his simple-minded friend Lennie have nothing in the world except each other and a dream--a dream that one day they will have some land of their own. Eventually they find work on a ranch in California’s Salinas Valley, but their hopes are doomed as Lennie, struggling against extreme cruelty, misunderstanding and feelings of jealousy, becomes a victim of his own strength. Tackling universal themes such as the friendship of a shared vision, and giving voice to America’s lonely and dispossessed, Of Mice and Men has proved one of Steinbeck’s most popular works, achieving success as a novel, a Broadway play and three acclaimed films. ...more",£47.11,http://books.toscrape.com//media/cache/a0/bb/a0bb0881c8ee6f5866804cf0a437853f.jpg,Of Mice and Men,£0.00,£47.11,In stock (1 available),0, Two
Books,2e69730561ed70ad,£32.93,"'I never have been in love; it is not my way, or my nature; and I do not think I ever shall.'Beautiful, clever, rich - and single - Emma Woodhouse is perfectly content with her life and sees no need for either love or marriage. Nothing, however, delights her more than interfering in the romantic lives of others. But when she ignores the warnings of her good friend Mr. Knig 'I never have been in love; it is not my way, or my nature; and I do not think I ever shall.'Beautiful, clever, rich - and single - Emma Woodhouse is perfectly content with her life and sees no need for either love or marriage. Nothing, however, delights her more than interfering in the romantic lives of others. But when she ignores the warnings of her good friend Mr. Knightley and attempts to arrange a suitable match for her protegee Harriet Smith, her carefully laid plans soon unravel and have consequences that she never expected. With its imperfect but charming heroine and its witty and subtle exploration of relationships, Emma is often seen as Jane Austen's most flawless work.This edition includes a new chronology and additional suggestions for further reading. ...more",£32.93,http://books.toscrape.com//media/cache/ae/98/ae98d08a6f427491dd8eda6b51af41fe.jpg,Emma,£0.00,£32.93,In stock (1 available),0, Two
Books,abbb492978ff656d,£15.08,"When orphaned Mary Lennox comes to live at her uncle's great house on the Yorkshire Moors, she finds it full of secrets. The mansion has nearly one hundred rooms, and her uncle keeps himself locked up. And at night, she hears the sound of crying down one of the long corridors.The gardens surrounding the large property are Mary's only escape. Then, Mary discovers a secret g When orphaned Mary Lennox comes to live at her uncle's great house on the Yorkshire Moors, she finds it full of secrets. The mansion has nearly one hundred rooms, and her uncle keeps himself locked up. And at night, she hears the sound of crying down one of the long corridors.The gardens surrounding the large property are Mary's only escape. Then, Mary discovers a secret garden, surrounded by walls and locked with a missing key. One day, with the help of two unexpected companions, she discovers a way in. Is everything in the garden dead, or can Mary bring it back to life? ...more",£15.08,http://books.toscrape.com//media/cache/f1/78/f17805e88aed31aae352ab250b2a379d.jpg,The Secret Garden,£0.00,£15.08,In stock (5 available),0, Four
Books,35e44170702139a4,£37.46,"'The more I know of the world, the more am I convinced that I shall never see a man whom I can really love. I require so much!'Marianne Dashwood wears her heart on her sleeve, and when she falls in love with the dashing but unsuitable John Willoughby she ignores her sister Elinor's warning that her impulsive behaviour leaves her open to gossip and innuendo. Meanwhile Elino 'The more I know of the world, the more am I convinced that I shall never see a man whom I can really love. I require so much!'Marianne Dashwood wears her heart on her sleeve, and when she falls in love with the dashing but unsuitable John Willoughby she ignores her sister Elinor's warning that her impulsive behaviour leaves her open to gossip and innuendo. Meanwhile Elinor, always sensitive to social convention, is struggling to conceal her own romantic disappointment, even from those closest to her. Through their parallel experience of love—and its threatened loss—the sisters learn that sense must mix with sensibility if they are to find personal happiness in a society where status and money govern the rules of love.This edition includes explanatory notes, textual variants between the first and second editions, and Tony Tanner's introduction to the original Penguin Classic edition. ...more",£37.46,http://books.toscrape.com//media/cache/a8/57/a857deea83c7d4c66e2920e1cf5d8fe0.jpg,Sense and Sensibility,£0.00,£37.46,In stock (1 available),0, One
Books,cd2a2a70dd5d176d,£55.53,,£55.53,http://books.toscrape.com//media/cache/99/df/99df494c230127c3d5ff53153d1f23a3.jpg,Alice in Wonderland (Alice's Adventures in Wonderland #1),£0.00,£55.53,In stock (1 available),0, One
Books,1aeca7d078d57deb,£45.42,"Moral allegory and spiritual autobiography, The Little Prince is the most translated book in the French language. With a timeless charm it tells the story of a little boy who leaves the safety of his own tiny planet to travel the universe, learning the vagaries of adult behaviour through a series of extraordinary encounters. His personal odyssey culminates in a voyage to E Moral allegory and spiritual autobiography, The Little Prince is the most translated book in the French language. With a timeless charm it tells the story of a little boy who leaves the safety of his own tiny planet to travel the universe, learning the vagaries of adult behaviour through a series of extraordinary encounters. His personal odyssey culminates in a voyage to Earth and further adventures. ...more",£45.42,http://books.toscrape.com//media/cache/c0/d6/c0d67625e62981155f5e1f553bda1a94.jpg,The Little Prince,£0.00,£45.42,In stock (1 available),0, Two
Books,32d035df92ab9080,£43.19,"The Story of Hong Gildong is arguably the single most important work of classic Korean fiction. Like its English counterpart, Robin Hood, it has been adapted into countless movies, television shows, novels and comics. Its memorable lines are known to virtually every Korean by heart. Until now, this incredible 19th century fable has been all but inaccessible to English read The Story of Hong Gildong is arguably the single most important work of classic Korean fiction. Like its English counterpart, Robin Hood, it has been adapted into countless movies, television shows, novels and comics. Its memorable lines are known to virtually every Korean by heart. Until now, this incredible 19th century fable has been all but inaccessible to English readers.Hong Gildong, the brilliant but illegitimate son of a government minister, cannot advance in society due to his secondary status, so he leaves home to become the leader of a band of outlaws who rob the rich to give to the poor. On the way to building his own empire and gaining acceptance from his family, Hong Gildong vanquishes assassins, battles monsters, and conquers kingdoms. Minsoo Kang's expressive and animated new translation finally makes the original text of this classic available in English, re-introducing a noble and righteous outlaw and sharing a beloved hallmark of Korean culture. ...more",£43.19,http://books.toscrape.com//media/cache/b5/5b/b55be7e5c18b62cef6ebeae404f7f643.jpg,The Story of Hong Gildong,£0.00,£43.19,In stock (1 available),0, Four
Books,cfe350b20d23b02b,£35.01,"First, there were ten - a curious assortment of strangers summoned as weekend guests to a private island off the coast of Devon. Their host, an eccentric millionaire unknown to all of them, is nowhere to be found. All that the guests have in common is a wicked past they're unwilling to reveal - and a secret that will seal their fate. For each has been marked for murder. On First, there were ten - a curious assortment of strangers summoned as weekend guests to a private island off the coast of Devon. Their host, an eccentric millionaire unknown to all of them, is nowhere to be found. All that the guests have in common is a wicked past they're unwilling to reveal - and a secret that will seal their fate. For each has been marked for murder. One by one they fall prey. Before the weekend is out, there will be none. And only the dead are above suspicion. ...more",£35.01,http://books.toscrape.com//media/cache/6f/b0/6fb0c3064656f888125ab577b6a01867.jpg,And Then There Were None,£0.00,£35.01,In stock (3 available),0, Two
Books,3fb69f34e178d494,£38.35,"The national bestseller and winner of the Whitbread Award. Composed toward the end of the first millennium, Beowulf is the classic Northern epic of a hero’s triumphs as a young warrior and his fated death as a defender of his people. The poem is about encountering the monstrous, defeating it, and then having to live on, physically and psychically exposed in the exhausted a The national bestseller and winner of the Whitbread Award. Composed toward the end of the first millennium, Beowulf is the classic Northern epic of a hero’s triumphs as a young warrior and his fated death as a defender of his people. The poem is about encountering the monstrous, defeating it, and then having to live on, physically and psychically exposed in the exhausted aftermath. It is not hard to draw parallels in this story to the historical curve of consciousness in the twentieth century, but the poem also transcends such considerations, telling us psychological and spiritual truths that are permanent and liberating.Beowulf is considered to have been composed between the 8th and the early 11th century. According to Wikipedia, it was first PUBLISHED in 1814 in a version by John Josias Conybeare. ...more",£38.35,http://books.toscrape.com//media/cache/3d/8c/3d8cd7a42d3e57cb10e02f9ab76bd549.jpg,Beowulf,£0.00,£38.35,In stock (3 available),0, Two
Books,b9f6305a3d650e2c,£29.70,"Introduction by Jeffrey Eugenides Written in his distinctively dazzling manner, Oscar Wilde’s story of a fashionable young man who sells his soul for eternal youth and beauty is the author’s most popular work. The tale of Dorian Gray’s moral disintegration caused a scandal when it ﬁrst appeared in 1890, but though Wilde was attacked for the novel’s corrupting inﬂuence, he ﻿Introduction by Jeffrey Eugenides  ﻿Written in his distinctively dazzling manner, Oscar Wilde’s story of a fashionable young man who sells his soul for eternal youth and beauty is the author’s most popular work. The tale of Dorian Gray’s moral disintegration caused a scandal when it ﬁrst appeared in 1890, but though Wilde was attacked for the novel’s corrupting inﬂuence, he responded that there is, in fact, “a terrible moral in Dorian Gray.” Just a few years later, the book and the aesthetic/moral dilemma it presented became issues in the trials occasioned by Wilde’s homosexual liaisons, which resulted in his imprisonment. Of Dorian Gray’s relationship to autobiography, Wilde noted in a letter, “Basil Hallward is what I think I am: Lord Henry what the world thinks me: Dorian what I would like to be—in other ages, perhaps.” ...more",£29.70,http://books.toscrape.com//media/cache/67/29/67297ff3ae6cb02884c52e5250fe7c1a.jpg,The Picture of Dorian Gray,£0.00,£29.70,In stock (3 available),0, Two
Books,cad70d6ffd53912f,£26.78,"This single volume brings together all of Poe's stories and poems, and illuminates the diverse and multifaceted genius of one of the greatest and most influential figures in American literary history.",£26.78,http://books.toscrape.com//media/cache/55/2d/552d55d44dcc0f27e98b3e7dc3959e1a.jpg,The Complete Stories and Poems (The Works of Edgar Allan Poe [Cameo Edition]),£0.00,£26.78,In stock (3 available),0, Four
Books,1451b55e5e56bb89,£57.22,"Tired of their servitude to man, a group of farm animals revolt and establish their own society, only to be betrayed into worse servitude by their leaders, the pigs, whose slogan becomes: ""All animals are equal, but some animals are more equal than others."" This 1945 satire addresses the socialist/communist philosophy of Stalin in the Soviet Union.",£57.22,http://books.toscrape.com//media/cache/73/b9/73b9d68a89e6d037f1afdc70f96bad09.jpg,Animal Farm,£0.00,£57.22,In stock (4 available),0, Three
Books,5a7ff9aaa3168878,£17.73,"Wuthering Heights is a wild, passionate story of the intense and almost demonic love between Catherine Earnshaw and Heathcliff, a foundling adopted by Catherine's father. After Mr Earnshaw's death, Heathcliff is bullied and humiliated by Catherine's brother Hindley and wrongly believing that his love for Catherine is not reciprocated, leaves Wuthering Heights, only to retu Wuthering Heights is a wild, passionate story of the intense and almost demonic love between Catherine Earnshaw and Heathcliff, a foundling adopted by Catherine's father. After Mr Earnshaw's death, Heathcliff is bullied and humiliated by Catherine's brother Hindley and wrongly believing that his love for Catherine is not reciprocated, leaves Wuthering Heights, only to return years later as a wealthy and polished man. He proceeds to exact a terrible revenge for his former miseries. The action of the story is chaotic and unremittingly violent, but the accomplished handling of a complex structure, the evocative descriptions of the lonely moorland setting and the poetic grandeur of vision combine to make this unique novel a masterpiece of English literature. ...more",£17.73,http://books.toscrape.com//media/cache/d8/64/d8644073d00c000cb60643256080cc4b.jpg,Wuthering Heights,£0.00,£17.73,In stock (3 available),0, Three
Books,2798974abc8a58a8,£58.63,"Brought up in the household of a powerful Baron, Candide is an open-minded young man, whose tutor, Pangloss, has instilled in him the belief that 'all is for the best'. But when his love for the Baron's rosy-cheeked daughter is discovered, Candide is cast out to make his own way in the world. And so he and his various companions begin a breathless tour of Europe, South Ame Brought up in the household of a powerful Baron, Candide is an open-minded young man, whose tutor, Pangloss, has instilled in him the belief that 'all is for the best'. But when his love for the Baron's rosy-cheeked daughter is discovered, Candide is cast out to make his own way in the world. And so he and his various companions begin a breathless tour of Europe, South America and Asia, as an outrageous series of disasters befall them - earthquakes, syphilis, a brush with the Inquisition, murder - sorely testing the young hero's optimism. ...more",£58.63,http://books.toscrape.com//media/cache/e7/7d/e77d917c495e649216225bd47e006482.jpg,Candide,£0.00,£58.63,In stock (4 available),0, Three
Books,23310ce84d3c9f85,£32.49,"Margaret Mitchell's epic novel of love and war won the Pulitzer Prize and one of the most popular and celebrated movies of all time. Many novels have been written about the Civil War and its aftermath. None take us into the burning fields and cities of the American South as Gone With the Wind does, creating haunting scenes and thrilling portraits of characters so vivid tha Margaret Mitchell's epic novel of love and war won the Pulitzer Prize and one of the most popular and celebrated movies of all time. Many novels have been written about the Civil War and its aftermath. None take us into the burning fields and cities of the American South as Gone With the Wind does, creating haunting scenes and thrilling portraits of characters so vivid that we remember their words and feel their fear and hunger for the rest of our lives. In the two main characters, the white-shouldered, irresistible Scarlett and the flashy, contemptuous Rhett, Margaret Mitchell not only conveyed a timeless story of survival under the harshest of circumstances, she also created two of the most famous lovers in the English-speaking world since Romeo and Juliet. ...more",£32.49,http://books.toscrape.com//media/cache/ac/ee/acee20cff19be38cc3efc5e9b50afae4.jpg,Gone with the Wind,£0.00,£32.49,In stock (4 available),0, Three
Books,deda806b68b0aa11,£28.07,"Little Women is the heartwarming story of the March family that has thrilled generations of readers. It is the story of four sisters--Jo, Meg, Amy and Beth-- and of the courage, humor and ingenuity they display to survive poverty and the absence of their father during the Civil War.",£28.07,http://books.toscrape.com//media/cache/55/a9/55a942b0c092c40bdbb6a1f1be340984.jpg,Little Women (Little Women #1),£0.00,£28.07,In stock (4 available),0, Four
